{"Attack_Ratio": [0.0, 0.1, 0.2, 0.30000000000000004, 0.4, 0.5, 0.6000000000000001, 0.7000000000000001, 0.8, 0.9, 1.0], "relative_size": [1, 1.0, 0.8835354991941641, 0.7641869539401137, 0.4205615404190347, 0.11061158707269489, 0.04792603274238697, 0.010687929425735855, 0.003308168631775384, 0.00127237255068284, 0.0009330732038340826], "relative_size_deg": [1, 1.0, 0.846297395877513, 0.6925947917550259, 0.21087454406650266, 0.024259903299686147, 0.005513614386292306, 0.005513614386292306, 0.005513614386292306, 0.0032233437950631946, 0.000508949020273136], "relative_size_kshell": [1, 1.0, 0.8721689710747307, 0.737891254559335, 0.6421240139112733, 0.2839935533124099, 0.025871575197217746, 0.005513614386292306, 0.005513614386292306, 0.005513614386292306, 0.005513614386292306], "relative_size_ci": [1, 1.0, 0.863771312240224, 0.7353465094579693, 0.5751972177453558, 0.19357027737721605, 0.05937738569853253, 0.015607769955042837, 0.006361862753414199, 0.005513614386292306, 0.005513614386292306]}