{"degree_count": [0, 1, 2, 3, 4, 5, 6, 7, 8, 9, 10, 11, 12, 13, 14, 15, 16, 17, 18, 19, 20, 21, 22, 23, 24, 25, 26, 27, 28, 29, 30, 31, 32, 33, 34, 35, 36, 37, 38, 39, 40, 41, 42, 43, 44, 45, 46, 47, 48, 49, 50, 51, 52, 53, 54], "degree_distribution": [0.0, 0.022064231429271882, 0.18738252839748304, 0.42837296723053037, 0.23118411375337092, 0.06668301054179947, 0.024352373947863038, 0.014546048868186646, 0.007354743809757294, 0.004494565661518346, 0.0029418975239029173, 0.002369861894255128, 0.0015526681376154287, 0.0005720356296477895, 0.00040859687831984963, 0.0004903162539838195, 0.0007354743809757293, 0.0003268775026558797, 0.0003268775026558797, 0.0006537550053117594, 0.0006537550053117594, 0.00016343875132793985, 0.00040859687831984963, 0.00024515812699190976, 0.00024515812699190976, 0.0, 0.00024515812699190976, 0.00016343875132793985, 0.00024515812699190976, 0.0, 8.171937566396992e-05, 0.0, 8.171937566396992e-05, 0.0, 8.171937566396992e-05, 0.0, 0.0, 0.0, 0.00016343875132793985, 0.00016343875132793985, 8.171937566396992e-05, 0.0, 0.0, 0.0, 0.0, 0.0, 0.0, 0.0, 8.171937566396992e-05, 0.0, 0.0, 0.0, 0.0, 0.0, 8.171937566396992e-05]}