{"Attack_Ratio": [0.0, 0.1, 0.2, 0.30000000000000004, 0.4, 0.5, 0.6000000000000001, 0.7000000000000001, 0.8, 0.9, 1.0], "relative_size": [1, 1.0, 0.9090909090909091, 1.0, 0.9090909090909091, 0.9090909090909091, 0.8181818181818182, 0.8181818181818182, 0.9090909090909091, 0.8181818181818182, 0.8181818181818182, 0.6363636363636364, 0.6363636363636364, 0.6363636363636364, 0.5454545454545454, 0.45454545454545453, 0.45454545454545453, 0.5454545454545454, 0.45454545454545453, 0.36363636363636365, 0.36363636363636365], "relative_size_deg": [1, 1.0, 0.36363636363636365, 0.2727272727272727, 0.2727272727272727, 0.2727272727272727, 0.18181818181818182, 0.18181818181818182, 0.18181818181818182, 0.09090909090909091, 0.09090909090909091, 0.09090909090909091, 0.09090909090909091, 0.09090909090909091, 0.09090909090909091, 0.09090909090909091, 0.09090909090909091, 0.09090909090909091, 0.09090909090909091, 0.09090909090909091, 0.09090909090909091], "relative_size_kshell": [1, 1.0, 1.0, 1.0, 1.0, 0.9090909090909091, 0.9090909090909091, 0.9090909090909091, 0.6363636363636364, 0.09090909090909091, 0.09090909090909091, 0.09090909090909091, 0.09090909090909091, 0.09090909090909091, 0.09090909090909091, 0.09090909090909091, 0.09090909090909091, 0.09090909090909091, 0.09090909090909091, 0.09090909090909091, 0.09090909090909091], "relative_size_ci": [1, 1.0, 0.36363636363636365, 0.2727272727272727, 0.2727272727272727, 0.2727272727272727, 0.18181818181818182, 0.18181818181818182, 0.18181818181818182, 0.09090909090909091, 0.09090909090909091, 0.09090909090909091, 0.09090909090909091, 0.09090909090909091, 0.09090909090909091, 0.09090909090909091, 0.09090909090909091, 0.09090909090909091, 0.09090909090909091, 0.09090909090909091, 0.09090909090909091]}