{"Attack_Ratio": [0.0, 0.1, 0.2, 0.30000000000000004, 0.4, 0.5, 0.6000000000000001, 0.7000000000000001, 0.8, 0.9, 1.0], "relative_size": [1, 1.0, 0.7826406767193821, 0.6204486943729313, 0.4795880838543582, 0.38322912835601325, 0.2302317028319235, 0.11327694005148951, 0.036778227289444645, 0.010297903641044501, 0.002206693637366679], "relative_size_deg": [1, 1.0, 0.029054799558661273, 0.0158146377344612, 0.013975726369988967, 0.009562339095255609, 0.009562339095255609, 0.009562339095255609, 0.009562339095255609, 0.009562339095255609, 0.009562339095255609], "relative_size_betw": [1, 1.0, 0.18168444280985657, 0.018389113644722323, 0.011769032732622288, 0.007723427730783376, 0.005884516366311144, 0.0025744759102611253, 0.002206693637366679, 0.0018389113644722325, 0.0011033468186833395], "relative_size_kshell": [1, 1.0, 0.7705038617138654, 0.14380286870172856, 0.07944097094520045, 0.038249356381022434, 0.023905847738139023, 0.009562339095255609, 0.009562339095255609, 0.009562339095255609, 0.004781169547627804], "relative_size_ci": [1, 1.0, 0.08973887458624494, 0.05038617138653917, 0.03751379183523354, 0.025744759102611255, 0.018389113644722323, 0.010665685913938948, 0.010665685913938948, 0.008826774549466716, 0.008091210003677823]}